moisture,temperature,rain,urgency
20,26,0,Now
20,26,4,Soon
20,26,12,Wait
20,38,0,Now
20,38,4,Soon
20,38,12,Wait
30,26,0,Now
30,26,4,Soon
30,26,12,Wait
30,38,0,Now
30,38,4,Soon
30,38,12,Wait
40,26,0,Soon
40,26,4,Soon
40,26,12,Wait
40,38,0,Now
40,38,4,Soon
40,38,12,Wait
50,26,0,Soon
50,26,4,Soon
50,26,12,Wait
50,38,0,Soon
50,38,4,Soon
50,38,12,Wait
60,26,0,Wait
60,26,4,Wait
60,26,12,Wait
60,38,0,Wait
60,38,4,Wait
60,38,12,Wait
70,26,0,Wait
70,26,4,Wait
70,26,12,Wait
70,38,0,Wait
70,38,4,Wait
70,38,12,Wait
80,26,0,Wait
80,26,4,Wait
80,26,12,Wait
80,38,0,Wait
80,38,4,Wait
80,38,12,Wait
